strategy,cut,bucket,n,gross_pnl_sum_ars,gross_pnl_mean_ars,win_rate_gross_pct
weekly_asymmetric,close_reason,otro,1,23360.6,23360.6,100.0
weekly_asymmetric,close_reason,timeout,197,-25069.249999999967,-127.25507614213181,37.56345177664975
weekly_asymmetric,close_reason,stop,1,-84928.74999999999,-84928.74999999999,0.0
weekly_asymmetric,moneyness,ITM >5%,16,29395.70000000001,1837.2312500000007,43.75
weekly_asymmetric,moneyness,OTM >5%,156,-121976.34999999996,-781.8996794871792,36.53846153846153
weekly_asymmetric,moneyness,OTM 2-5%,16,2462.5999999999976,153.91249999999985,25.0
weekly_asymmetric,moneyness,ATM (±2%),10,3464.149999999995,346.4149999999995,60.0
weekly_asymmetric,moneyness,ITM 2-5%,1,16.499999999984993,16.499999999984993,100.0
weekly_asymmetric,dte,15+d,199,-86637.39999999997,-435.3638190954772,37.68844221105528
weekly_asymmetric,holding_time,1-6h,1,23360.6,23360.6,100.0
weekly_asymmetric,holding_time,<1h,196,7129.350000000046,36.37423469387778,37.755102040816325
weekly_asymmetric,holding_time,>3d,1,-84928.74999999999,-84928.74999999999,0.0
weekly_asymmetric,holding_time,6-24h,1,-32198.60000000001,-32198.60000000001,0.0
weekly_asymmetric,entry_hour_art,11h ART,22,47349.65000000009,2152.2568181818224,59.09090909090909
weekly_asymmetric,entry_hour_art,10h ART,9,-42140.75000000001,-4682.305555555557,11.11111111111111
weekly_asymmetric,entry_hour_art,12h ART,34,382.19999999997754,11.241176470587575,35.294117647058826
weekly_asymmetric,entry_hour_art,13h ART,33,-8659.249999999955,-262.40151515151376,39.39393939393939
weekly_asymmetric,entry_hour_art,14h ART,25,-33.20000000004325,-1.3280000000017298,32.0
weekly_asymmetric,entry_hour_art,15h ART,29,5660.4500000000235,195.18793103448357,37.93103448275862
weekly_asymmetric,entry_hour_art,16h ART,46,-4267.750000000055,-92.77717391304466,36.95652173913043
weekly_asymmetric,entry_hour_art,07h ART,1,-84928.74999999999,-84928.74999999999,0.0
scalping,close_reason,take_profit,131,78140.69540801618,596.4938580764594,48.854961832061065
scalping,close_reason,timeout,82,110105.09021465547,1342.7450026177496,46.34146341463415
scalping,close_reason,otro,1,0.0,0.0,0.0
scalping,moneyness,OTM 2-5%,55,57608.08638818114,1047.4197525123843,49.09090909090909
scalping,moneyness,OTM >5%,87,107068.23748607101,1230.669396391621,40.229885057471265
scalping,moneyness,ATM (±2%),49,8999.426814399023,183.66177172242905,48.97959183673469
scalping,moneyness,ITM >5%,12,3611.876943943116,300.989745328593,58.333333333333336
scalping,moneyness,ITM 2-5%,11,10958.15799007744,996.1961809161309,81.81818181818183
scalping,dte,15+d,156,38399.21208133903,246.1487953931989,48.717948717948715
scalping,dte,4-7d,58,149846.57354133268,2583.561612781598,44.827586206896555
scalping,holding_time,<1h,214,188245.7856226717,879.6532038442604,47.66355140186916
scalping,entry_hour_art,10h ART,3,-1786.3499999999988,-595.4499999999996,0.0
scalping,entry_hour_art,12h ART,27,5374.000000000001,199.03703703703707,51.85185185185185
scalping,entry_hour_art,13h ART,22,8388.35,381.2886363636364,59.09090909090909
scalping,entry_hour_art,14h ART,15,-1753.750000000005,-116.916666666667,33.33333333333333
scalping,entry_hour_art,15h ART,17,-3325.799999999984,-195.6352941176461,35.294117647058826
scalping,entry_hour_art,11h ART,12,476.00000000001,39.6666666666675,41.66666666666667
scalping,entry_hour_art,16h ART,24,-6096.399999999945,-254.01666666666438,33.33333333333333
scalping,entry_hour_art,22h ART,72,110071.29021465547,1528.7679196479926,47.22222222222222
scalping,entry_hour_art,01h ART,22,76898.44540801615,3495.3838821825525,77.27272727272727
vol_arbitrage,moneyness,ITM 2-5%,49,4244.049999999996,86.61326530612236,44.89795918367347
vol_arbitrage,moneyness,OTM >5%,302,-768213.7500000001,-2543.754139072848,39.40397350993378
vol_arbitrage,moneyness,OTM 2-5%,87,49842.93000000001,572.9072413793104,45.97701149425287
vol_arbitrage,moneyness,ATM (±2%),105,-35600.710000000014,-339.0543809523811,42.857142857142854
vol_arbitrage,moneyness,ITM >5%,34,51634.040000000015,1518.6482352941182,52.94117647058824
vol_arbitrage,holding_time,6-24h,10,-86467.85,-8646.785,20.0
vol_arbitrage,holding_time,1-3d,14,-120449.59999999999,-8603.542857142857,35.714285714285715
vol_arbitrage,holding_time,<1h,506,233177.11000000007,460.82432806324124,42.68774703557312
vol_arbitrage,holding_time,1-6h,24,-83863.6,-3494.316666666667,37.5
vol_arbitrage,holding_time,>3d,23,-640489.5,-27847.369565217392,52.17391304347826
vol_arbitrage,entry_hour_art,12h ART,99,-650721.05,-6572.939898989899,40.4040404040404
vol_arbitrage,entry_hour_art,16h ART,98,-32083.3,-327.380612244898,36.734693877551024
vol_arbitrage,entry_hour_art,10h ART,23,-178916.3,-7778.9695652173905,34.78260869565217
vol_arbitrage,entry_hour_art,15h ART,81,32907.44999999999,406.2648148148147,34.5679012345679
vol_arbitrage,entry_hour_art,17h ART,1,-16500.0,-16500.0,0.0
vol_arbitrage,entry_hour_art,11h ART,46,73569.15000000001,1599.329347826087,63.04347826086957
vol_arbitrage,entry_hour_art,13h ART,86,-37193.950000000004,-432.4877906976745,38.372093023255815
vol_arbitrage,entry_hour_art,14h ART,48,8803.55,183.40729166666665,39.58333333333333
vol_arbitrage,entry_hour_art,22h ART,72,110071.31999999998,1528.768333333333,47.22222222222222
vol_arbitrage,entry_hour_art,01h ART,22,76898.44,3495.3836363636365,77.27272727272727
vol_arbitrage,entry_hour_art,07h ART,1,-84928.75,-84928.75,0.0
