strategy,cost_scenario,n_trades,n_still_open_excluded,n_excluded_incomplete_data,win_rate_pct,win_rate_ci_lo,win_rate_ci_hi,avg_win_ars,avg_loss_ars,payoff_ratio,expectancy_ars_per_trade,expectancy_ci_lo,expectancy_ci_hi,gross_pnl_ars,net_pnl_ars,total_cost_ars,cost_pct_of_gross_pnl,sharpe_per_trade,sharpe_annualized,sharpe_ci_lo,sharpe_ci_hi,sortino_per_trade,sortino_annualized,sortino_ci_lo,sortino_ci_hi,observed_days,trades_per_year_observed,max_drawdown_ars,max_drawdown_pct,recovered,recovery_days,worst_day_label,worst_day_pnl_ars,worst_week_label,worst_week_pnl_ars
weekly_asymmetric,mid_sin_spread,199,10,9,4.522613065326634,2.0100502512562812,7.537688442211055,3070.418337500002,-3938.968006407895,0.7794981661453101,-3621.960583819095,-4723.158565552763,-2875.1345345402005,-86637.39999999997,-720770.15618,634132.7561799999,731.9388118526181,-0.5454939978916716,-35.668690562670385,-2.0614903521489207,-0.40208373590045415,-0.49360135225773893,-32.27554100144894,-0.9017106958712376,-0.3832218857522812,17,4275.573529411765,-741256.370204,-3618.3180031976813,False,,2026-09-25,-353753.52665,2026-W39,-441350.8877875
weekly_asymmetric,spread_3pct,199,10,9,0.5025125628140703,0.0,1.507537688442211,15395.802023999999,-9389.835192949495,1.6396243073105456,-9265.284252160804,-10364.792246457286,-8511.388286731155,-86637.39999999997,-1843791.5661800005,1757154.16618,2028.1704739292738,-1.4308531963133588,-93.56044263945192,-5.839845188168302,-0.9508484610932834,-0.8259024284451172,-54.00400053717377,-0.985724171067895,-0.6956982252538676,17,4275.573529411765,-1859187.3682040002,-12075.93709834522,False,,2026-09-25,-926643.9516500001,2026-W39,-1018967.3065375
weekly_asymmetric,spread_6pct,199,10,9,0.5025125628140703,0.0,1.507537688442211,10305.390023999998,-15035.951344464647,0.6853833048478064,-14908.60792050251,-16005.354214856783,-14136.177717711053,-86637.39999999997,-2966812.97618,2880175.5761800013,3324.4021360059305,-2.3438358448121637,-153.2584332759284,-9.724396170333412,-1.5158707582108348,-0.9214811093444293,-60.25368688855833,-0.9947802932554318,-0.8373789974632627,17,4275.573529411765,-2977118.366203999,-28888.944127982086,False,,2026-09-25,-1499534.3766499993,2026-W39,-1596583.7252874994
weekly_asymmetric,spread_10pct,199,10,9,0.5025125628140703,0.0,1.507537688442211,3518.1740239999963,-22564.106213151514,0.15591905084852972,-22433.03947829146,-23522.906903515075,-21643.001585889448,-86637.39999999997,-4464174.856180001,4377537.456180001,5052.711018774804,-3.6063977681193164,-235.81466805157848,-15.109444510212786,-2.2970895506760094,-0.9638921814899735,-63.02685655612068,-0.9978279572575754,-0.9173788710688183,17,4275.573529411765,-4467693.030204,-126988.97211242684,False,,2026-09-25,-2263388.27665,2026-W39,-2366738.9502875
scalping,mid_sin_spread,214,0,0,21.49532710280374,15.887850467289718,27.102803738317753,4199.348006303578,-1470.0353559449427,2.85663061729847,-251.3828575176906,-731.0318582929316,300.6138738066975,188245.7856226717,-53795.931508785776,242041.71713145764,128.5774958152938,-0.08653998019927234,-6.247023805950706,-0.28928111881176916,0.04561700789117494,-0.18141535737738373,-13.09575127810233,-0.421559480129466,0.12757799051410024,15,5210.900000000001,-94094.75134349993,-233.49257305655638,False,,2026-09-23,-37075.561159499965,2026-W39,-94094.75134349991
scalping,spread_3pct,214,0,0,9.345794392523365,5.607476635514018,13.551401869158877,6611.690040366797,-3168.428041778389,2.0867414229346863,-2254.398314475101,-2726.264697056335,-1713.680096050124,188245.7856226717,-482441.23929767194,670687.0249203437,356.2826241776795,-0.6743022787973615,-48.67556450041048,-1.1356746116255239,-0.41853534142156074,-0.7084597144552301,-51.14127241036826,-0.8175747797126195,-0.5733287223857921,15,5210.900000000001,-460629.6744606716,,False,,2026-09-18,-130709.2177506717,2026-W39,-264147.2920934999
scalping,spread_6pct,214,0,0,7.476635514018691,4.205607476635514,11.214953271028037,5776.387175109642,-5068.225969132886,1.1397256575159993,-4257.413771432511,-4728.574306632268,-3726.1683810214977,188245.7856226717,-911086.5470865571,1099332.332709229,583.9877525400649,-1.280402922489148,-92.42788731382007,-2.0176959553300065,-0.8924247201185451,-0.8520603272114077,-61.50730721152358,-0.9140542149642044,-0.773765770606361,15,5210.900000000001,-874918.9757495574,,False,,2026-09-18,-334184.1240395575,2026-W38,-440719.1429060575
scalping,spread_10pct,214,0,0,3.7383177570093453,1.4018691588785046,6.5420560747663545,6746.693215542515,-7459.161018751191,0.9044841904581975,-6928.101047375725,-7404.314122200911,-6402.518956274806,188245.7856226717,-1482613.6241384058,1670859.4097610775,887.5945903565793,-2.118578320099902,-152.9328891682185,-3.2316964791145013,-1.539048444528775,-0.9241245464990543,-66.70937557819703,-0.9595027569578618,-0.8787567241092056,15,5210.900000000001,-1427304.710801405,,False,,2026-09-18,-605483.9990914048,2026-W38,-766368.1569579048
vol_arbitrage,mid_sin_spread,577,0,0,15.944540727902945,12.99826689774697,19.064124783362217,4998.426451959201,-4822.838725124131,1.0364075468500247,-3256.8830989687303,-4424.063533792009,-2239.315021129553,-698093.4400000004,-1879221.548104959,1181128.1081049566,169.19341171648253,-0.22925829074651308,-22.438650215994777,-0.28718222903621127,-0.1705557440169307,-0.24575102105846847,-24.052875836240226,-0.2979953442497052,-0.19696636284196192,22,9579.511363636364,-1491474.7830244573,,False,,2026-09-16,-664356.9601469999,2026-W38,-764526.3976009574
vol_arbitrage,spread_3pct,577,0,0,7.798960138648179,5.719237435008666,10.051993067590988,6638.718725278738,-8025.733410303358,0.827179073348738,-6882.058633698169,-8067.814148427717,-5831.402562977085,-698093.4400000004,-3970947.8316438417,3272854.3916438455,468.82755289089147,-0.5749319798830232,-56.27145501511473,-0.712213951787096,-0.49584198813175956,-0.5229648337667263,-51.18517172027684,-0.6185801807327831,-0.46853215833176104,22,9579.511363636364,-3097235.2193133435,,False,,2026-09-04,-989442.4563470003,2026-W38,-1333779.3331398433
vol_arbitrage,spread_6pct,577,0,0,5.545927209705372,3.8128249566724435,7.452339688041594,6130.666506526869,-11484.138428241447,0.5338377401869798,-10507.234168427607,-11734.692865567997,-9416.10555583453,-698093.4400000004,-6062674.115182733,5364580.67518273,768.4616940652998,-0.9313907830004877,-91.15985261033491,-1.1917822619520368,-0.7959019616244801,-0.6965947303783273,-68.17919407131501,-0.7846737083630824,-0.6363484666500565,22,9579.511363636364,-4702995.65560223,,False,,2026-09-25,-1555246.9979054998,2026-W39,-2030783.5581309996
vol_arbitrage,spread_10pct,577,0,0,3.466204506065858,2.079722703639515,5.025996533795494,5264.578738398427,-16080.671576306187,0.3273855021176751,-15340.801548066856,-16647.302601769105,-14161.353700211132,-698093.4400000004,-8851642.493234573,8153549.053234574,1167.973882297844,-1.4243369663034249,-139.40694956995702,-1.8556661250759352,-1.1986769723906399,-0.8243801412820075,-80.68618838169834,-0.8861197413294507,-0.7739681954686205,22,9579.511363636364,-6844009.570654078,,False,,2026-09-25,-2350828.410905501,2026-W39,-3027675.504131001
