# Fuente: mcp__invertironline__get_price_history(symbol="GGAL", market="BCBA",
# from_date="2026-08-25", to_date="2026-09-29"), consultado el 2026-09-29.
# Datos REALES del broker (barras diarias OHLCV), sin ningun valor fabricado
# o interpolado. Cubre toda la ventana de trades de los 3 exports de la
# Fase 0 (weekly_asymmetric/scalping: 2026-09-09 a 2026-09-25; vol_arbitrage:
# 2026-09-04 a 2026-09-25), con margen antes y despues.
date,open,high,low,close,volume
2026-08-25,6965,7095,6835,7070,2609868
2026-08-26,7070,7230,6975,7070,1886668
2026-08-27,7070,7120,6840,6890,1412174
2026-08-28,6880,6930,6710,6795,1415888
2026-08-31,6800,7110,6800,6995,2452579
2026-09-01,6985,7175,6865,7060,1685740
2026-09-02,7100,7180,7030,7165,1452166
2026-09-03,7210,7320,7005,7080,1549719
2026-09-04,7075,7125,6950,7025,749800
2026-09-07,7040,7070,6870,6930,267463
2026-09-08,6925,7095,6900,7030,1242735
2026-09-09,7020,7130,6880,7090,1290180
2026-09-10,7050,7265,7005,7125,1695028
2026-09-11,7150,7220,6910,7015,1239699
2026-09-14,6980,7015,6810,6865,1758642
2026-09-15,6840,6910,6700,6720,1664081
2026-09-16,6705,6830,6660,6745,1009655
2026-09-17,6800,6880,6755,6810,1415843
2026-09-18,6810,6815,6655,6680,1504842
2026-09-21,6670,6755,6610,6680,1294563
2026-09-22,6610,6720,6460,6640,3240323
2026-09-23,6580,6720,6430,6445,2480908
2026-09-24,6450,6495,6315,6395,1959017
2026-09-25,6405,6470,6270,6290,1997725
2026-09-28,6250,6250,5950,6005,6446689
2026-09-29,6015,6120,5920,5960,1649208
